"Date","Variable","Country","Value"
"1970-01-01","GDP","DEU",NA
"1970-04-01","GDP","DEU",NA
"1970-07-01","GDP","DEU",NA
"1970-10-01","GDP","DEU",NA
"1971-01-01","GDP","DEU",NA
"1971-04-01","GDP","DEU",NA
"1971-07-01","GDP","DEU",NA
"1971-10-01","GDP","DEU",NA
"1972-01-01","GDP","DEU",NA
"1972-04-01","GDP","DEU",NA
"1972-07-01","GDP","DEU",NA
"1972-10-01","GDP","DEU",NA
"1973-01-01","GDP","DEU",NA
"1973-04-01","GDP","DEU",NA
"1973-07-01","GDP","DEU",NA
"1973-10-01","GDP","DEU",NA
"1974-01-01","GDP","DEU",NA
"1974-04-01","GDP","DEU",NA
"1974-07-01","GDP","DEU",NA
"1974-10-01","GDP","DEU",NA
"1975-01-01","GDP","DEU",NA
"1975-04-01","GDP","DEU",NA
"1975-07-01","GDP","DEU",NA
"1975-10-01","GDP","DEU",NA
"1976-01-01","GDP","DEU",NA
"1976-04-01","GDP","DEU",NA
"1976-07-01","GDP","DEU",NA
"1976-10-01","GDP","DEU",NA
"1977-01-01","GDP","DEU",NA
"1977-04-01","GDP","DEU",NA
"1977-07-01","GDP","DEU",NA
"1977-10-01","GDP","DEU",NA
"1978-01-01","GDP","DEU",NA
"1978-04-01","GDP","DEU",NA
"1978-07-01","GDP","DEU",NA
"1978-10-01","GDP","DEU",NA
"1979-01-01","GDP","DEU",NA
"1979-04-01","GDP","DEU",NA
"1979-07-01","GDP","DEU",NA
"1979-10-01","GDP","DEU",NA
"1980-01-01","GDP","DEU",NA
"1980-04-01","GDP","DEU",NA
"1980-07-01","GDP","DEU",NA
"1980-10-01","GDP","DEU",NA
"1981-01-01","GDP","DEU",NA
"1981-04-01","GDP","DEU",NA
"1981-07-01","GDP","DEU",NA
"1981-10-01","GDP","DEU",NA
"1982-01-01","GDP","DEU",NA
"1982-04-01","GDP","DEU",NA
"1982-07-01","GDP","DEU",NA
"1982-10-01","GDP","DEU",NA
"1983-01-01","GDP","DEU",NA
"1983-04-01","GDP","DEU",NA
"1983-07-01","GDP","DEU",NA
"1983-10-01","GDP","DEU",NA
"1984-01-01","GDP","DEU",NA
"1984-04-01","GDP","DEU",NA
"1984-07-01","GDP","DEU",NA
"1984-10-01","GDP","DEU",NA
"1985-01-01","GDP","DEU",NA
"1985-04-01","GDP","DEU",NA
"1985-07-01","GDP","DEU",NA
"1985-10-01","GDP","DEU",NA
"1986-01-01","GDP","DEU",NA
"1986-04-01","GDP","DEU",NA
"1986-07-01","GDP","DEU",NA
"1986-10-01","GDP","DEU",NA
"1987-01-01","GDP","DEU",NA
"1987-04-01","GDP","DEU",NA
"1987-07-01","GDP","DEU",NA
"1987-10-01","GDP","DEU",NA
"1988-01-01","GDP","DEU",NA
"1988-04-01","GDP","DEU",NA
"1988-07-01","GDP","DEU",NA
"1988-10-01","GDP","DEU",NA
"1989-01-01","GDP","DEU",NA
"1989-04-01","GDP","DEU",NA
"1989-07-01","GDP","DEU",NA
"1989-10-01","GDP","DEU",NA
"1990-01-01","GDP","DEU",NA
"1990-04-01","GDP","DEU",NA
"1990-07-01","GDP","DEU",NA
"1990-10-01","GDP","DEU",NA
"1991-01-01","GDP","DEU",2049808407576.29
"1991-04-01","GDP","DEU",2041294414190.51
"1991-07-01","GDP","DEU",2031232422007.32
"1991-10-01","GDP","DEU",2057032401964.22
"1992-01-01","GDP","DEU",2090056376309.06
"1992-04-01","GDP","DEU",2076382386931.9
"1992-07-01","GDP","DEU",2070448391541.81
"1992-10-01","GDP","DEU",2066062394949.14
"1993-01-01","GDP","DEU",2046970409781.03
"1993-04-01","GDP","DEU",2048776408378.01
"1993-07-01","GDP","DEU",2063482396953.45
"1993-10-01","GDP","DEU",2061934398156.03
"1994-01-01","GDP","DEU",2086960378714.24
"1994-04-01","GDP","DEU",2094184373102.17
"1994-07-01","GDP","DEU",2110438360475.02
"1994-10-01","GDP","DEU",2137786339229.34
"1995-01-01","GDP","DEU",2127982346845.72
"1995-04-01","GDP","DEU",2146816332214.26
"1995-07-01","GDP","DEU",2154040326602.2
"1995-10-01","GDP","DEU",2153008327403.92
"1996-01-01","GDP","DEU",2131078344440.55
"1996-04-01","GDP","DEU",2162038320388.84
"1996-07-01","GDP","DEU",2175454309966.43
"1996-10-01","GDP","DEU",2187322300746.61
"1997-01-01","GDP","DEU",2174164310968.58
"1997-04-01","GDP","DEU",2204608287317.73
"1997-07-01","GDP","DEU",2213380280503.08
"1997-10-01","GDP","DEU",2228860268477.23
"1998-01-01","GDP","DEU",2246662254647.49
"1998-04-01","GDP","DEU",2239954259858.7
"1998-07-01","GDP","DEU",2245630255449.22
"1998-10-01","GDP","DEU",2244856256050.51
"1999-01-01","GDP","DEU",2262916242020.34
"1999-04-01","GDP","DEU",2268076238011.73
"1999-07-01","GDP","DEU",2291296219972.94
"1999-10-01","GDP","DEU",2320192197524.68
"2000-01-01","GDP","DEU",2341606180888.91
"2000-04-01","GDP","DEU",2365858162048.4
"2000-07-01","GDP","DEU",2362504164654.01
"2000-10-01","GDP","DEU",2364310163250.99
"2001-01-01","GDP","DEU",2402752133386.78
"2001-04-01","GDP","DEU",2405332131382.47
"2001-07-01","GDP","DEU",2398108136994.54
"2001-10-01","GDP","DEU",2400946134789.8
"2002-01-01","GDP","DEU",2393722140401.86
"2002-04-01","GDP","DEU",2399656135791.95
"2002-07-01","GDP","DEU",2410750127173.42
"2002-10-01","GDP","DEU",2405590131182.04
"2003-01-01","GDP","DEU",2376694153630.31
"2003-04-01","GDP","DEU",2377210153229.44
"2003-07-01","GDP","DEU",2388820144210.05
"2003-10-01","GDP","DEU",2397592137395.4
"2004-01-01","GDP","DEU",2397076137796.26
"2004-04-01","GDP","DEU",2405590131182.04
"2004-07-01","GDP","DEU",2400946134789.8
"2004-10-01","GDP","DEU",2403268132985.92
"2005-01-01","GDP","DEU",2398882136393.25
"2005-04-01","GDP","DEU",2414362124367.39
"2005-07-01","GDP","DEU",2433970109134.64
"2005-10-01","GDP","DEU",2443516101718.69
"2006-01-01","GDP","DEU",2466220084080.77
"2006-04-01","GDP","DEU",2505952053214.41
"2006-07-01","GDP","DEU",2530978033772.61
"2006-10-01","GDP","DEU",2564260007917.02
"2007-01-01","GDP","DEU",2574579999899.79
"2007-04-01","GDP","DEU",2593413985268.33
"2007-07-01","GDP","DEU",2615343968231.7
"2007-10-01","GDP","DEU",2623083962218.77
"2008-01-01","GDP","DEU",2645787944580.85
"2008-04-01","GDP","DEU",2638047950593.78
"2008-07-01","GDP","DEU",2629017957608.86
"2008-10-01","GDP","DEU",2578191997093.75
"2009-01-01","GDP","DEU",2462350087087.24
"2009-04-01","GDP","DEU",2464156085684.22
"2009-07-01","GDP","DEU",2479378073858.8
"2009-10-01","GDP","DEU",2501824056421.31
"2010-01-01","GDP","DEU",2519626042591.57
"2010-04-01","GDP","DEU",2571484002304.96
"2010-07-01","GDP","DEU",2592639985869.62
"2010-10-01","GDP","DEU",2614053969233.85
"2011-01-01","GDP","DEU",2659719933757.58
"2011-04-01","GDP","DEU",2664879929748.96
"2011-07-01","GDP","DEU",2678037919526.98
"2011-10-01","GDP","DEU",2678295919326.55
"2012-01-01","GDP","DEU",2685519913714.49
"2012-04-01","GDP","DEU",2688873911108.88
"2012-07-01","GDP","DEU",2696613905095.96
"2012-10-01","GDP","DEU",2683713915117.5
"2013-01-01","GDP","DEU",2676231920930
"2013-04-01","GDP","DEU",2700999901688.63
"2013-07-01","GDP","DEU",2716221889863.21
"2013-10-01","GDP","DEU",2726541881845.97
"2014-01-01","GDP","DEU",2753631860800.72
"2014-04-01","GDP","DEU",2752083862003.31
"2014-07-01","GDP","DEU",2761629854587.36
"2014-10-01","GDP","DEU",2788203833942.98
"2015-01-01","GDP","DEU",2784333836949.44
"2015-04-01","GDP","DEU",2800845824121.86
"2015-07-01","GDP","DEU",2809359817507.64
"2015-10-01","GDP","DEU",2824839805481.79
"2016-01-01","GDP","DEU",2850639785438.69
"2016-04-01","GDP","DEU",2863281775617.58
"2016-07-01","GDP","DEU",2868183771809.39
"2016-10-01","GDP","DEU",2879277763190.86
"2017-01-01","GDP","DEU",2911269738337.43
"2017-04-01","GDP","DEU",2927265725910.71
"2017-07-01","GDP","DEU",2944293712682.27
"2017-10-01","GDP","DEU",2960031700455.98
"2018-01-01","GDP","DEU",2970867692037.88
"2018-04-01","GDP","DEU",2984283681615.47
"2018-07-01","GDP","DEU",2978736671456.92
"2018-10-01","GDP","DEU",2993534714672.72
"2019-01-01","GDP","DEU",3009342801107.35
"1970-01-01","GDP","FIN",63557248416.809
"1970-04-01","GDP","FIN",65683281496.6742
"1970-07-01","GDP","FIN",67061841569.0615
"1970-10-01","GDP","FIN",67900941787.1879
"1971-01-01","GDP","FIN",64375046929.2573
"1971-04-01","GDP","FIN",68493876866.7329
"1971-07-01","GDP","FIN",68522585946.6686
"1971-10-01","GDP","FIN",68263956632.3669
"1972-01-01","GDP","FIN",71062090100.4756
"1972-04-01","GDP","FIN",71603009622.5084
"1972-07-01","GDP","FIN",72942999954.1776
"1972-10-01","GDP","FIN",74540414729.792
"1973-01-01","GDP","FIN",76779308623.5301
"1973-04-01","GDP","FIN",74957280229.1047
"1973-07-01","GDP","FIN",78022793640.0167
"1973-10-01","GDP","FIN",79541165626.2188
"1974-01-01","GDP","FIN",78879855738.5623
"1974-04-01","GDP","FIN",79386876429.076
"1974-07-01","GDP","FIN",80265929223.6837
"1974-10-01","GDP","FIN",80276363446.2215
"1975-01-01","GDP","FIN",81553841121.238
"1975-04-01","GDP","FIN",80974755110.0954
"1975-07-01","GDP","FIN",80233525015.8328
"1975-10-01","GDP","FIN",79455233416.8571
"1976-01-01","GDP","FIN",79751725454.5621
"1976-04-01","GDP","FIN",80177932758.7631
"1976-07-01","GDP","FIN",81072041559.9673
"1976-10-01","GDP","FIN",81748414020.9819
"1977-01-01","GDP","FIN",81044245431.4325
"1977-04-01","GDP","FIN",80946958981.5605
"1977-07-01","GDP","FIN",81447289295.1877
"1977-10-01","GDP","FIN",81257349083.533
"1978-01-01","GDP","FIN",82137559820.4697
"1978-04-01","GDP","FIN",82716645831.6124
"1978-07-01","GDP","FIN",83077995502.5654
"1978-10-01","GDP","FIN",84884743857.3304
"1979-01-01","GDP","FIN",86608103826.4908
"1979-04-01","GDP","FIN",88665017338.0694
"1979-07-01","GDP","FIN",89424778184.6885
"1979-10-01","GDP","FIN",90494929133.2801
"1980-01-01","GDP","FIN",92009818138.4292
"1980-04-01","GDP","FIN",91578978146.1391
"1980-07-01","GDP","FIN",96146808602.0321
"1980-10-01","GDP","FIN",93533972519.7566
"1981-01-01","GDP","FIN",93357930372.3692
"1981-04-01","GDP","FIN",94451244761.4065
"1981-07-01","GDP","FIN",94919146258.4097
"1981-10-01","GDP","FIN",95294393993.6302
"1982-01-01","GDP","FIN",95887378069.0402
"1982-04-01","GDP","FIN",96832446439.225
"1982-07-01","GDP","FIN",97884066635.46
"1982-10-01","GDP","FIN",99125627043.3498
"1983-01-01","GDP","FIN",99241444245.5783
"1983-04-01","GDP","FIN",100283799065.635
"1983-07-01","GDP","FIN",101205703995.374
"1983-10-01","GDP","FIN",100960171526.65
"1984-01-01","GDP","FIN",102553816229.314
"1984-04-01","GDP","FIN",102692796871.988
"1984-07-01","GDP","FIN",103610069113.638
"1984-10-01","GDP","FIN",104833098769.171
"1985-01-01","GDP","FIN",105555798111.078
"1985-04-01","GDP","FIN",106746398949.987
"1985-07-01","GDP","FIN",107279158080.238
"1985-10-01","GDP","FIN",107459832915.714
"1986-01-01","GDP","FIN",107524690548.962
"1986-04-01","GDP","FIN",107992592045.966
"1986-07-01","GDP","FIN",112699403144.533
"1986-10-01","GDP","FIN",110586897375.885
"1987-01-01","GDP","FIN",111434679296.197
"1987-04-01","GDP","FIN",113375775605.547
"1987-07-01","GDP","FIN",113815880974.016
"1987-10-01","GDP","FIN",116058102009.16
"1988-01-01","GDP","FIN",117535929509.596
"1988-04-01","GDP","FIN",118480997879.781
"1988-07-01","GDP","FIN",119940294627.86
"1988-10-01","GDP","FIN",122159352222.559
"1989-01-01","GDP","FIN",123618648970.638
"1989-04-01","GDP","FIN",125791379684.445
"1989-07-01","GDP","FIN",127273839872.97
"1989-10-01","GDP","FIN",127334064818.129
"1990-01-01","GDP","FIN",1.28336e+11
"1990-04-01","GDP","FIN",1.27176e+11
"1990-07-01","GDP","FIN",1.25272e+11
"1990-10-01","GDP","FIN",1.23952e+11
"1991-01-01","GDP","FIN",1.21244e+11
"1991-04-01","GDP","FIN",1.1974e+11
"1991-07-01","GDP","FIN",1.17852e+11
"1991-10-01","GDP","FIN",1.1604e+11
"1992-01-01","GDP","FIN",1.16364e+11
"1992-04-01","GDP","FIN",1.15392e+11
"1992-07-01","GDP","FIN",1.1394e+11
"1992-10-01","GDP","FIN",1.13392e+11
"1993-01-01","GDP","FIN",1.13432e+11
"1993-04-01","GDP","FIN",1.13224e+11
"1993-07-01","GDP","FIN",1.14456e+11
"1993-10-01","GDP","FIN",1.14604e+11
"1994-01-01","GDP","FIN",1.15808e+11
"1994-04-01","GDP","FIN",1.166e+11
"1994-07-01","GDP","FIN",1.19524e+11
"1994-10-01","GDP","FIN",1.2174e+11
"1995-01-01","GDP","FIN",1.2102e+11
"1995-04-01","GDP","FIN",1.2384e+11
"1995-07-01","GDP","FIN",1.24228e+11
"1995-10-01","GDP","FIN",1.24508e+11
"1996-01-01","GDP","FIN",1.26072e+11
"1996-04-01","GDP","FIN",1.26964e+11
"1996-07-01","GDP","FIN",1.28024e+11
"1996-10-01","GDP","FIN",1.30592e+11
"1997-01-01","GDP","FIN",1.32524e+11
"1997-04-01","GDP","FIN",1.34576e+11
"1997-07-01","GDP","FIN",1.36924e+11
"1997-10-01","GDP","FIN",1.3962e+11
"1998-01-01","GDP","FIN",1.39532e+11
"1998-04-01","GDP","FIN",1.42416e+11
"1998-07-01","GDP","FIN",1.4496e+11
"1998-10-01","GDP","FIN",1.46244e+11
"1999-01-01","GDP","FIN",1.48044e+11
"1999-04-01","GDP","FIN",1.49244e+11
"1999-07-01","GDP","FIN",1.49688e+11
"1999-10-01","GDP","FIN",1.51648e+11
"2000-01-01","GDP","FIN",1.56728e+11
"2000-04-01","GDP","FIN",1.564e+11
"2000-07-01","GDP","FIN",1.58784e+11
"2000-10-01","GDP","FIN",1.60444e+11
"2001-01-01","GDP","FIN",1.61724e+11
"2001-04-01","GDP","FIN",1.6172e+11
"2001-07-01","GDP","FIN",1.62872e+11
"2001-10-01","GDP","FIN",1.62364e+11
"2002-01-01","GDP","FIN",1.63152e+11
"2002-04-01","GDP","FIN",1.65188e+11
"2002-07-01","GDP","FIN",1.64808e+11
"2002-10-01","GDP","FIN",1.66432e+11
"2003-01-01","GDP","FIN",1.64924e+11
"2003-04-01","GDP","FIN",1.67816e+11
"2003-07-01","GDP","FIN",1.69772e+11
"2003-10-01","GDP","FIN",1.7022e+11
"2004-01-01","GDP","FIN",1.71872e+11
"2004-04-01","GDP","FIN",1.73644e+11
"2004-07-01","GDP","FIN",1.75172e+11
"2004-10-01","GDP","FIN",1.78456e+11
"2005-01-01","GDP","FIN",1.7892e+11
"2005-04-01","GDP","FIN",1.7854e+11
"2005-07-01","GDP","FIN",1.80196e+11
"2005-10-01","GDP","FIN",1.80928e+11
"2006-01-01","GDP","FIN",1.85044e+11
"2006-04-01","GDP","FIN",1.85972e+11
"2006-07-01","GDP","FIN",1.87388e+11
"2006-10-01","GDP","FIN",1.89316e+11
"2007-01-01","GDP","FIN",1.92636e+11
"2007-04-01","GDP","FIN",1.9582e+11
"2007-07-01","GDP","FIN",1.97208e+11
"2007-10-01","GDP","FIN",2.00828e+11
"2008-01-01","GDP","FIN",2.00028e+11
"2008-04-01","GDP","FIN",1.98564e+11
"2008-07-01","GDP","FIN",1.98572e+11
"2008-10-01","GDP","FIN",1.94996e+11
"2009-01-01","GDP","FIN",1.81744e+11
"2009-04-01","GDP","FIN",1.80724e+11
"2009-07-01","GDP","FIN",1.82248e+11
"2009-10-01","GDP","FIN",1.8194e+11
"2010-01-01","GDP","FIN",1.8266e+11
"2010-04-01","GDP","FIN",1.87876e+11
"2010-07-01","GDP","FIN",1.87072e+11
"2010-10-01","GDP","FIN",1.90792e+11
"2011-01-01","GDP","FIN",1.91936e+11
"2011-04-01","GDP","FIN",1.91472e+11
"2011-07-01","GDP","FIN",1.9206e+11
"2011-10-01","GDP","FIN",1.92172e+11
"2012-01-01","GDP","FIN",1.92116e+11
"2012-04-01","GDP","FIN",1.89028e+11
"2012-07-01","GDP","FIN",1.8834e+11
"2012-10-01","GDP","FIN",1.87208e+11
"2013-01-01","GDP","FIN",1.87044e+11
"2013-04-01","GDP","FIN",1.87812e+11
"2013-07-01","GDP","FIN",1.88428e+11
"2013-10-01","GDP","FIN",1.87668e+11
"2014-01-01","GDP","FIN",1.8644e+11
"2014-04-01","GDP","FIN",1.8628e+11
"2014-07-01","GDP","FIN",1.86796e+11
"2014-10-01","GDP","FIN",1.86692e+11
"2015-01-01","GDP","FIN",1.85144e+11
"2015-04-01","GDP","FIN",1.87128e+11
"2015-07-01","GDP","FIN",1.86928e+11
"2015-10-01","GDP","FIN",1.88016e+11
"2016-01-01","GDP","FIN",1.89648e+11
"2016-04-01","GDP","FIN",1.90292e+11
"2016-07-01","GDP","FIN",1.92404e+11
"2016-10-01","GDP","FIN",1.93384e+11
"2017-01-01","GDP","FIN",1.95368e+11
"2017-04-01","GDP","FIN",1.96488e+11
"2017-07-01","GDP","FIN",1.96896e+11
"2017-10-01","GDP","FIN",1.98396e+11
"2018-01-01","GDP","FIN",2.00696e+11
"2018-04-01","GDP","FIN",2.01376e+11
"2018-07-01","GDP","FIN",203065282474.15
"2018-10-01","GDP","FIN",204139009653.778
"2019-01-01","GDP","FIN",204883212772.284
"1970-01-01","Inflation","AUT",25.1544666666667
"1970-04-01","Inflation","AUT",25.4126333333333
"1970-07-01","Inflation","AUT",25.7815
"1970-10-01","Inflation","AUT",26.0027666666667
"1971-01-01","Inflation","AUT",26.2609666666667
"1971-04-01","Inflation","AUT",26.5191666666667
"1971-07-01","Inflation","AUT",27.0724
"1971-10-01","Inflation","AUT",27.3674666666667
"1972-01-01","Inflation","AUT",27.7731666666667
"1972-04-01","Inflation","AUT",28.1051333333333
"1972-07-01","Inflation","AUT",28.7321333333333
"1972-10-01","Inflation","AUT",29.3591666666667
"1973-01-01","Inflation","AUT",29.9861666666667
"1973-04-01","Inflation","AUT",30.355
"1973-07-01","Inflation","AUT",30.6869333333333
"1973-10-01","Inflation","AUT",31.5721666666667
"1974-01-01","Inflation","AUT",32.5311
"1974-04-01","Inflation","AUT",33.3056666666667
"1974-07-01","Inflation","AUT",33.8220333333333
"1974-10-01","Inflation","AUT",34.6335
"1975-01-01","Inflation","AUT",35.5555666666667
"1975-04-01","Inflation","AUT",36.1457
"1975-07-01","Inflation","AUT",36.7727333333333
"1975-10-01","Inflation","AUT",37.1415666666667
"1976-01-01","Inflation","AUT",38.0267333333333
"1976-04-01","Inflation","AUT",38.5799666666667
"1976-07-01","Inflation","AUT",38.9488333333333
"1976-10-01","Inflation","AUT",39.3176666666667
"1977-01-01","Inflation","AUT",40.2397333333333
"1977-04-01","Inflation","AUT",40.7192333333333
"1977-07-01","Inflation","AUT",41.1618
"1977-10-01","Inflation","AUT",41.2356
"1978-01-01","Inflation","AUT",41.8257333333333
"1978-04-01","Inflation","AUT",42.1576666666667
"1978-07-01","Inflation","AUT",42.4896333333333
"1978-10-01","Inflation","AUT",42.6371666666667
"1979-01-01","Inflation","AUT",43.3010333333333
"1979-04-01","Inflation","AUT",43.5592666666667
"1979-07-01","Inflation","AUT",44.0756
"1979-10-01","Inflation","AUT",44.5182
"1980-01-01","Inflation","AUT",45.6247
"1980-04-01","Inflation","AUT",46.3623666666667
"1980-07-01","Inflation","AUT",47.1000333333333
"1980-10-01","Inflation","AUT",47.4688666666667
"1981-01-01","Inflation","AUT",48.7597666666667
"1981-04-01","Inflation","AUT",49.4974666666667
"1981-07-01","Inflation","AUT",50.2351
"1981-10-01","Inflation","AUT",50.7146
"1982-01-01","Inflation","AUT",51.7104666666667
"1982-04-01","Inflation","AUT",52.4481333333333
"1982-07-01","Inflation","AUT",52.8169666666667
"1982-10-01","Inflation","AUT",53.0751666666667
"1983-01-01","Inflation","AUT",53.7390333333333
"1983-04-01","Inflation","AUT",53.8497
"1983-07-01","Inflation","AUT",54.4767
"1983-10-01","Inflation","AUT",55.0668666666667
"1984-01-01","Inflation","AUT",56.7635
"1984-04-01","Inflation","AUT",57.0954333333333
"1984-07-01","Inflation","AUT",57.5380333333333
"1984-10-01","Inflation","AUT",57.9437333333333
"1985-01-01","Inflation","AUT",58.7920666666667
"1985-04-01","Inflation","AUT",59.1609
"1985-07-01","Inflation","AUT",59.2715333333333
"1985-10-01","Inflation","AUT",59.5297333333333
"1986-01-01","Inflation","AUT",60.1567333333333
"1986-04-01","Inflation","AUT",60.0092
"1986-07-01","Inflation","AUT",60.2674
"1986-10-01","Inflation","AUT",60.2674
"1987-01-01","Inflation","AUT",60.3780333333333
"1987-04-01","Inflation","AUT",60.8575333333333
"1987-07-01","Inflation","AUT",61.6320666666667
"1987-10-01","Inflation","AUT",61.3001333333333
"1988-01-01","Inflation","AUT",61.6689666666667
"1988-04-01","Inflation","AUT",61.8902666666667
"1988-07-01","Inflation","AUT",62.8492
"1988-10-01","Inflation","AUT",62.4435
"1989-01-01","Inflation","AUT",63.0336333333333
"1989-04-01","Inflation","AUT",63.55
"1989-07-01","Inflation","AUT",64.4721
"1989-10-01","Inflation","AUT",64.2139
"1990-01-01","Inflation","AUT",64.9884666666667
"1990-04-01","Inflation","AUT",65.4310666666667
"1990-07-01","Inflation","AUT",66.5744333333333
"1990-10-01","Inflation","AUT",66.5744666666667
"1991-01-01","Inflation","AUT",67.2014333333333
"1991-04-01","Inflation","AUT",67.7178333333333
"1991-07-01","Inflation","AUT",68.9349666666667
"1991-10-01","Inflation","AUT",68.5292666666667
"1992-01-01","Inflation","AUT",69.9308333333333
"1992-04-01","Inflation","AUT",70.4841
"1992-07-01","Inflation","AUT",71.5906
"1992-10-01","Inflation","AUT",71.3324
"1993-01-01","Inflation","AUT",72.5864333333333
"1993-04-01","Inflation","AUT",73.0659
"1993-07-01","Inflation","AUT",74.0617666666667
"1993-10-01","Inflation","AUT",73.8404666666667
"1994-01-01","Inflation","AUT",74.8363333333333
"1994-04-01","Inflation","AUT",75.2420333333333
"1994-07-01","Inflation","AUT",76.3485333333333
"1994-10-01","Inflation","AUT",75.8690333333333
"1995-01-01","Inflation","AUT",76.7173666666667
"1995-04-01","Inflation","AUT",77.1230666666667
"1995-07-01","Inflation","AUT",77.9345
"1995-10-01","Inflation","AUT",77.3075
"1996-01-01","Inflation","AUT",77.9345
"1996-04-01","Inflation","AUT",78.3402333333333
"1996-07-01","Inflation","AUT",78.5615
"1996-10-01","Inflation","AUT",78.9303666666667
"1997-01-01","Inflation","AUT",79.1885333333333
"1997-04-01","Inflation","AUT",79.4098333333333
"1997-07-01","Inflation","AUT",79.4467
"1997-10-01","Inflation","AUT",79.7787
"1998-01-01","Inflation","AUT",80.0738
"1998-04-01","Inflation","AUT",80.2582
"1998-07-01","Inflation","AUT",80.1475666666667
"1998-10-01","Inflation","AUT",80.3319666666667
"1999-01-01","Inflation","AUT",80.4057333333333
"1999-04-01","Inflation","AUT",80.5163666666667
"1999-07-01","Inflation","AUT",80.5164
"1999-10-01","Inflation","AUT",81.1065333333333
"2000-01-01","Inflation","AUT",81.7335333333333
"2000-04-01","Inflation","AUT",82.2868
"2000-07-01","Inflation","AUT",82.8400666666667
"2000-10-01","Inflation","AUT",83.4670666666667
"2001-01-01","Inflation","AUT",84.0572
"2001-04-01","Inflation","AUT",84.8317333333333
"2001-07-01","Inflation","AUT",85.0530333333333
"2001-10-01","Inflation","AUT",85.2743333333333
"2002-01-01","Inflation","AUT",85.6800666666667
"2002-04-01","Inflation","AUT",86.3070666666667
"2002-07-01","Inflation","AUT",86.4546333333333
"2002-10-01","Inflation","AUT",86.7496666666667
"2003-01-01","Inflation","AUT",87.1553666666667
"2003-04-01","Inflation","AUT",87.3398
"2003-07-01","Inflation","AUT",87.5611
"2003-10-01","Inflation","AUT",87.8193
"2004-01-01","Inflation","AUT",88.3356666666667
"2004-04-01","Inflation","AUT",89.0733333333333
"2004-07-01","Inflation","AUT",89.5159333333333
"2004-10-01","Inflation","AUT",90.2167
"2005-01-01","Inflation","AUT",90.8806
"2005-04-01","Inflation","AUT",91.2125666666667
"2005-07-01","Inflation","AUT",91.4338666666667
"2005-10-01","Inflation","AUT",91.8027
"2006-01-01","Inflation","AUT",91.9502
"2006-04-01","Inflation","AUT",92.8354333333333
"2006-07-01","Inflation","AUT",92.9092
"2006-10-01","Inflation","AUT",92.9829666666667
"2007-01-01","Inflation","AUT",93.4624666666667
"2007-04-01","Inflation","AUT",94.5689333333333
"2007-07-01","Inflation","AUT",94.7164666666667
"2007-10-01","Inflation","AUT",95.8967666666667
"2008-01-01","Inflation","AUT",96.5975333333333
"2008-04-01","Inflation","AUT",97.9990666666667
"2008-07-01","Inflation","AUT",98.2204
"2008-10-01","Inflation","AUT",98.0728666666667
"2009-01-01","Inflation","AUT",97.6671333333333
"2009-04-01","Inflation","AUT",98.2572666666667
"2009-07-01","Inflation","AUT",98.2572666666667
"2009-10-01","Inflation","AUT",98.663
"2010-01-01","Inflation","AUT",99.0318333333333
"2010-04-01","Inflation","AUT",100.2121
"2010-07-01","Inflation","AUT",100.0277
"2010-10-01","Inflation","AUT",100.728466666667
"2011-01-01","Inflation","AUT",101.871833333333
"2011-04-01","Inflation","AUT",103.420933333333
"2011-07-01","Inflation","AUT",103.568466666667
"2011-10-01","Inflation","AUT",104.1586
"2012-01-01","Inflation","AUT",104.527433333333
"2012-04-01","Inflation","AUT",105.7446
"2012-07-01","Inflation","AUT",105.9659
"2012-10-01","Inflation","AUT",107.0355
"2013-01-01","Inflation","AUT",107.0724
"2013-04-01","Inflation","AUT",108.031333333333
"2013-07-01","Inflation","AUT",107.9207
"2013-10-01","Inflation","AUT",108.732133333333
"2014-01-01","Inflation","AUT",108.842766666667
"2014-04-01","Inflation","AUT",109.9124
"2014-07-01","Inflation","AUT",109.7649
"2014-10-01","Inflation","AUT",110.244333333333
"2015-01-01","Inflation","AUT",109.728
"2015-04-01","Inflation","AUT",111.0558
"2015-07-01","Inflation","AUT",110.7607
"2015-10-01","Inflation","AUT",111.092666666667
"2016-01-01","Inflation","AUT",110.7976
"2016-04-01","Inflation","AUT",111.6828
"2016-07-01","Inflation","AUT",111.535266666667
"2016-10-01","Inflation","AUT",112.568
"2017-01-01","Inflation","AUT",113.0475
"2017-04-01","Inflation","AUT",113.858933333333
"2017-07-01","Inflation","AUT",113.9327
"2017-10-01","Inflation","AUT",115.039166666667
"2018-01-01","Inflation","AUT",115.076066666667
"2018-04-01","Inflation","AUT",116.0719
"2018-07-01","Inflation","AUT",116.366966666667
"2018-10-01","Inflation","AUT",117.4735
"2019-01-01","Inflation","AUT",116.7358
"1970-01-01","Inflation","DEU",31.6201
"1970-04-01","Inflation","DEU",31.9009333333333
"1970-07-01","Inflation","DEU",31.9478
"1970-10-01","Inflation","DEU",32.2520333333333
"1971-01-01","Inflation","DEU",33.0243666666667
"1971-04-01","Inflation","DEU",33.5159
"1971-07-01","Inflation","DEU",33.7967333333333
"1971-10-01","Inflation","DEU",34.0776
"1972-01-01","Inflation","DEU",34.7797666666667
"1972-04-01","Inflation","DEU",35.1542333333333
"1972-07-01","Inflation","DEU",35.6457333333333
"1972-10-01","Inflation","DEU",36.2074666666667
"1973-01-01","Inflation","DEU",37.0266333333333
"1973-04-01","Inflation","DEU",37.7521666666667
"1973-07-01","Inflation","DEU",38.1267
"1973-10-01","Inflation","DEU",38.8522
"1974-01-01","Inflation","DEU",39.7884333333333
"1974-04-01","Inflation","DEU",40.4203666666667
"1974-07-01","Inflation","DEU",40.7948
"1974-10-01","Inflation","DEU",41.3565666666667
"1975-01-01","Inflation","DEU",42.1289333333333
"1975-04-01","Inflation","DEU",42.9481
"1975-07-01","Inflation","DEU",43.2757666666667
"1975-10-01","Inflation","DEU",43.6034333333333
"1976-01-01","Inflation","DEU",44.3289666666667
"1976-04-01","Inflation","DEU",44.7971
"1976-07-01","Inflation","DEU",44.9141
"1976-10-01","Inflation","DEU",45.2183666666667
"1977-01-01","Inflation","DEU",46.0141333333333
"1977-04-01","Inflation","DEU",46.5056333333333
"1977-07-01","Inflation","DEU",46.6461
"1977-10-01","Inflation","DEU",46.7865
"1978-01-01","Inflation","DEU",47.3950333333333
"1978-04-01","Inflation","DEU",47.8397
"1978-07-01","Inflation","DEU",47.8163
"1978-10-01","Inflation","DEU",47.9567333333333
"1979-01-01","Inflation","DEU",48.7759333333333
"1979-04-01","Inflation","DEU",49.4078333333333
"1979-07-01","Inflation","DEU",50.0398
"1979-10-01","Inflation","DEU",50.5078666666667
"1980-01-01","Inflation","DEU",51.4675
"1980-04-01","Inflation","DEU",52.3334666666667
"1980-07-01","Inflation","DEU",52.6377
"1980-10-01","Inflation","DEU",53.1058333333333
"1981-01-01","Inflation","DEU",54.4165
"1981-04-01","Inflation","DEU",55.3761333333333
"1981-07-01","Inflation","DEU",56.1484666666667
"1981-10-01","Inflation","DEU",56.8974666666667
"1982-01-01","Inflation","DEU",57.623
"1982-04-01","Inflation","DEU",58.3485333333333
"1982-07-01","Inflation","DEU",59.0039
"1982-10-01","Inflation","DEU",59.5422
"1983-01-01","Inflation","DEU",59.9635
"1983-04-01","Inflation","DEU",60.2677333333333
"1983-07-01","Inflation","DEU",60.8528666666667
"1983-10-01","Inflation","DEU",61.1571333333333
"1984-01-01","Inflation","DEU",61.6720666666667
"1984-04-01","Inflation","DEU",61.9763333333333
"1984-07-01","Inflation","DEU",61.9997
"1984-10-01","Inflation","DEU",62.421
"1985-01-01","Inflation","DEU",63.0997666666667
"1985-04-01","Inflation","DEU",63.404
"1985-07-01","Inflation","DEU",63.287
"1985-10-01","Inflation","DEU",63.404
"1986-01-01","Inflation","DEU",63.5678666666667
"1986-04-01","Inflation","DEU",63.404
"1986-07-01","Inflation","DEU",63.0763333333333
"1986-10-01","Inflation","DEU",62.8189
"1987-01-01","Inflation","DEU",63.2402
"1987-04-01","Inflation","DEU",63.4274
"1987-07-01","Inflation","DEU",63.404
"1987-10-01","Inflation","DEU",63.4274
"1988-01-01","Inflation","DEU",63.8487
"1988-04-01","Inflation","DEU",64.153
"1988-07-01","Inflation","DEU",64.2232
"1988-10-01","Inflation","DEU",64.5040666666667
"1989-01-01","Inflation","DEU",65.3934333333333
"1989-04-01","Inflation","DEU",66.002
"1989-07-01","Inflation","DEU",66.0254
"1989-10-01","Inflation","DEU",66.4466666666667
"1990-01-01","Inflation","DEU",67.1722
"1990-04-01","Inflation","DEU",67.5233
"1990-07-01","Inflation","DEU",67.8275666666667
"1990-10-01","Inflation","DEU",68.4595
"1991-01-01","Inflation","DEU",68.8057
"1991-04-01","Inflation","DEU",69.4724666666667
"1991-07-01","Inflation","DEU",70.6059
"1991-10-01","Inflation","DEU",71.9393333333333
"1992-01-01","Inflation","DEU",72.8727333333333
"1992-04-01","Inflation","DEU",73.7061333333333
"1992-07-01","Inflation","DEU",74.1062
"1992-10-01","Inflation","DEU",74.3395333333333
"1993-01-01","Inflation","DEU",76.2730333333333
"1993-04-01","Inflation","DEU",76.9397333333333
"1993-07-01","Inflation","DEU",77.4731666666667
"1993-10-01","Inflation","DEU",77.5398333333333
"1994-01-01","Inflation","DEU",78.5399
"1994-04-01","Inflation","DEU",79.0732666666667
"1994-07-01","Inflation","DEU",79.4732666666667
"1994-10-01","Inflation","DEU",79.4399333333333
"1995-01-01","Inflation","DEU",80.1733666666667
"1995-04-01","Inflation","DEU",80.4400333333333
"1995-07-01","Inflation","DEU",80.7067
"1995-10-01","Inflation","DEU",80.6067
"1996-01-01","Inflation","DEU",81.3401333333333
"1996-04-01","Inflation","DEU",81.6068
"1996-07-01","Inflation","DEU",81.8068
"1996-10-01","Inflation","DEU",81.8401333333333
"1997-01-01","Inflation","DEU",82.7735666666667
"1997-04-01","Inflation","DEU",82.8735666666667
"1997-07-01","Inflation","DEU",83.707
"1997-10-01","Inflation","DEU",83.5736666666667
"1998-01-01","Inflation","DEU",83.807
"1998-04-01","Inflation","DEU",84.007
"1998-07-01","Inflation","DEU",84.207
"1998-10-01","Inflation","DEU",83.9403333333333
"1999-01-01","Inflation","DEU",83.9736666666667
"1999-04-01","Inflation","DEU",84.4403333333333
"1999-07-01","Inflation","DEU",84.7737666666667
"1999-10-01","Inflation","DEU",84.7404
"2000-01-01","Inflation","DEU",85.2737666666667
"2000-04-01","Inflation","DEU",85.3737666666667
"2000-07-01","Inflation","DEU",85.9405333333333
"2000-10-01","Inflation","DEU",86.2072
"2001-01-01","Inflation","DEU",86.7405333333333
"2001-04-01","Inflation","DEU",87.5406333333333
"2001-07-01","Inflation","DEU",87.6739666666667
"2001-10-01","Inflation","DEU",87.6406333333333
"2002-01-01","Inflation","DEU",88.4740666666667
"2002-04-01","Inflation","DEU",88.6740666666667
"2002-07-01","Inflation","DEU",88.7407333333333
"2002-10-01","Inflation","DEU",88.6740666666667
"2003-01-01","Inflation","DEU",89.4741333333333
"2003-04-01","Inflation","DEU",89.3741333333333
"2003-07-01","Inflation","DEU",89.6741666666667
"2003-10-01","Inflation","DEU",89.7075
"2004-01-01","Inflation","DEU",90.3408666666667
"2004-04-01","Inflation","DEU",91.0409333333333
"2004-07-01","Inflation","DEU",91.3076
"2004-10-01","Inflation","DEU",91.5076333333333
"2005-01-01","Inflation","DEU",91.8076666666667
"2005-04-01","Inflation","DEU",92.1743666666667
"2005-07-01","Inflation","DEU",92.8077
"2005-10-01","Inflation","DEU",93.0411
"2006-01-01","Inflation","DEU",93.3744666666667
"2006-04-01","Inflation","DEU",93.8744666666667
"2006-07-01","Inflation","DEU",94.1745333333333
"2006-10-01","Inflation","DEU",94.2411666666667
"2007-01-01","Inflation","DEU",95.0412333333333
"2007-04-01","Inflation","DEU",95.808
"2007-07-01","Inflation","DEU",96.308
"2007-10-01","Inflation","DEU",97.1414333333333
"2008-01-01","Inflation","DEU",97.8415
"2008-04-01","Inflation","DEU",98.5748666666667
"2008-07-01","Inflation","DEU",99.2749666666667
"2008-10-01","Inflation","DEU",98.7082
"2009-01-01","Inflation","DEU",98.6415333333333
"2009-04-01","Inflation","DEU",98.8415666666667
"2009-07-01","Inflation","DEU",99.0416
"2009-10-01","Inflation","DEU",99.1082333333333
"2010-01-01","Inflation","DEU",99.4416333333333
"2010-04-01","Inflation","DEU",99.9416333333333
"2010-07-01","Inflation","DEU",100.141666666667
"2010-10-01","Inflation","DEU",100.475066666667
"2011-01-01","Inflation","DEU",101.308433333333
"2011-04-01","Inflation","DEU",101.941833333333
"2011-07-01","Inflation","DEU",102.341833333333
"2011-10-01","Inflation","DEU",102.708566666667
"2012-01-01","Inflation","DEU",103.4753
"2012-04-01","Inflation","DEU",103.842
"2012-07-01","Inflation","DEU",104.4087
"2012-10-01","Inflation","DEU",104.7754
"2013-01-01","Inflation","DEU",105.075433333333
"2013-04-01","Inflation","DEU",105.4088
"2013-07-01","Inflation","DEU",106.1088
"2013-10-01","Inflation","DEU",106.1755
"2014-01-01","Inflation","DEU",106.3422
"2014-04-01","Inflation","DEU",106.542233333333
"2014-07-01","Inflation","DEU",107.0089
"2014-10-01","Inflation","DEU",106.7089
"2015-01-01","Inflation","DEU",105.988933333333
"2015-04-01","Inflation","DEU",107.2719
"2015-07-01","Inflation","DEU",107.485733333333
"2015-10-01","Inflation","DEU",106.844266666667
"2016-01-01","Inflation","DEU",106.309633333333
"2016-04-01","Inflation","DEU",107.414433333333
"2016-07-01","Inflation","DEU",108.020333333333
"2016-10-01","Inflation","DEU",107.949033333333
"2017-01-01","Inflation","DEU",108.055933333333
"2017-04-01","Inflation","DEU",108.9469
"2017-07-01","Inflation","DEU",109.6953
"2017-10-01","Inflation","DEU",109.481466666667
"2018-01-01","Inflation","DEU",109.4815
"2018-04-01","Inflation","DEU",110.835733333333
"2018-07-01","Inflation","DEU",111.762333333333
"2018-10-01","Inflation","DEU",111.655466666667
"2019-01-01","Inflation","DEU",110.76445
"1970-01-01","Inflation","FIN",12.7846333333333
"1970-04-01","Inflation","FIN",12.8614666666667
"1970-07-01","Inflation","FIN",12.9462
"1970-10-01","Inflation","FIN",13.0176666666667
"1971-01-01","Inflation","FIN",13.2904333333333
"1971-04-01","Inflation","FIN",13.5737666666667
"1971-07-01","Inflation","FIN",13.9524333333333
"1971-10-01","Inflation","FIN",14.1378
"1972-01-01","Inflation","FIN",14.1537
"1972-04-01","Inflation","FIN",14.5720666666667
"1972-07-01","Inflation","FIN",14.8448333333333
"1972-10-01","Inflation","FIN",15.054
"1973-01-01","Inflation","FIN",15.3585333333333
"1973-04-01","Inflation","FIN",15.8484333333333
"1973-07-01","Inflation","FIN",16.6454666666667
"1973-10-01","Inflation","FIN",17.0559
"1974-01-01","Inflation","FIN",17.7576333333333
"1974-04-01","Inflation","FIN",18.6315
"1974-07-01","Inflation","FIN",19.4338333333333
"1974-10-01","Inflation","FIN",20.0826333333333
"1975-01-01","Inflation","FIN",21.0385666666667
"1975-04-01","Inflation","FIN",22.0024333333333
"1975-07-01","Inflation","FIN",22.7677333333333
"1975-10-01","Inflation","FIN",23.6309666666667
"1976-01-01","Inflation","FIN",24.5869333333333
"1976-04-01","Inflation","FIN",25.1059
"1976-07-01","Inflation","FIN",25.948
"1976-10-01","Inflation","FIN",26.6259
"1977-01-01","Inflation","FIN",27.6268333333333
"1977-04-01","Inflation","FIN",28.4927333333333
"1977-07-01","Inflation","FIN",29.3162666666667
"1977-10-01","Inflation","FIN",29.7691
"1978-01-01","Inflation","FIN",30.2298666666667
"1978-04-01","Inflation","FIN",30.8918333333333
"1978-07-01","Inflation","FIN",31.2943333333333
"1978-10-01","Inflation","FIN",31.7763
"1979-01-01","Inflation","FIN",32.3800333333333
"1979-04-01","Inflation","FIN",33.1003
"1979-07-01","Inflation","FIN",33.6564
"1979-10-01","Inflation","FIN",34.329
"1980-01-01","Inflation","FIN",35.3935
"1980-04-01","Inflation","FIN",36.8049
"1980-07-01","Inflation","FIN",37.7661
"1980-10-01","Inflation","FIN",38.9736
"1981-01-01","Inflation","FIN",40.1467
"1981-04-01","Inflation","FIN",41.3409666666667
"1981-07-01","Inflation","FIN",42.191
"1981-10-01","Inflation","FIN",43.1072
"1982-01-01","Inflation","FIN",44.2882333333333
"1982-04-01","Inflation","FIN",45.6387
"1982-07-01","Inflation","FIN",46.2504
"1982-10-01","Inflation","FIN",46.5946
"1983-01-01","Inflation","FIN",47.7783
"1983-04-01","Inflation","FIN",49.2082666666667
"1983-07-01","Inflation","FIN",50.1986333333333
"1983-10-01","Inflation","FIN",50.8791666666667
"1984-01-01","Inflation","FIN",51.6841333333333
"1984-04-01","Inflation","FIN",52.7857
"1984-07-01","Inflation","FIN",53.506
"1984-10-01","Inflation","FIN",54.0912
"1985-01-01","Inflation","FIN",54.9923
"1985-04-01","Inflation","FIN",55.8323
"1985-07-01","Inflation","FIN",55.9989666666667
"1985-10-01","Inflation","FIN",56.2589666666667
"1986-01-01","Inflation","FIN",56.8690666666667
"1986-04-01","Inflation","FIN",57.2090666666667
"1986-07-01","Inflation","FIN",57.5990666666667
"1986-10-01","Inflation","FIN",57.9490666666667
"1987-01-01","Inflation","FIN",58.9924666666667
"1987-04-01","Inflation","FIN",59.6825
"1987-07-01","Inflation","FIN",60.0158333333333
"1987-10-01","Inflation","FIN",60.3858333333333
"1988-01-01","Inflation","FIN",61.4092333333333
"1988-04-01","Inflation","FIN",62.5792666666667
"1988-07-01","Inflation","FIN",63.2493
"1988-10-01","Inflation","FIN",63.9927
"1989-01-01","Inflation","FIN",65.1660333333333
"1989-04-01","Inflation","FIN",66.7828
"1989-07-01","Inflation","FIN",67.4694666666667
"1989-10-01","Inflation","FIN",68.3628333333333
"1990-01-01","Inflation","FIN",69.8462333333333
"1990-04-01","Inflation","FIN",70.7696
"1990-07-01","Inflation","FIN",71.433
"1990-10-01","Inflation","FIN",72.0696666666667
"1991-01-01","Inflation","FIN",73.3730666666667
"1991-04-01","Inflation","FIN",74.1297666666667
"1991-07-01","Inflation","FIN",74.1564333333333
"1991-10-01","Inflation","FIN",74.7031
"1992-01-01","Inflation","FIN",75.5764666666667
"1992-04-01","Inflation","FIN",76.2865333333333
"1992-07-01","Inflation","FIN",76.3565333333333
"1992-10-01","Inflation","FIN",76.8298666666667
"1993-01-01","Inflation","FIN",77.7098666666667
"1993-04-01","Inflation","FIN",78.1333
"1993-07-01","Inflation","FIN",77.8765333333333
"1993-10-01","Inflation","FIN",77.9699
"1994-01-01","Inflation","FIN",77.9432333333333
"1994-04-01","Inflation","FIN",78.5566333333333
"1994-07-01","Inflation","FIN",79.2699666666667
"1994-10-01","Inflation","FIN",79.3199666666667
"1995-01-01","Inflation","FIN",79.3999666666667
"1995-04-01","Inflation","FIN",79.6399666666667
"1995-07-01","Inflation","FIN",79.6933
"1995-10-01","Inflation","FIN",79.4266333333333
"1996-01-01","Inflation","FIN",79.7733
"1996-04-01","Inflation","FIN",80.1466333333333
"1996-07-01","Inflation","FIN",80.1199666666667
"1996-10-01","Inflation","FIN",80.0933
"1997-01-01","Inflation","FIN",80.1999666666667
"1997-04-01","Inflation","FIN",80.9134
"1997-07-01","Inflation","FIN",81.2834
"1997-10-01","Inflation","FIN",81.5500666666667
"1998-01-01","Inflation","FIN",81.7100666666667
"1998-04-01","Inflation","FIN",82.2167333333333
"1998-07-01","Inflation","FIN",82.2700666666667
"1998-10-01","Inflation","FIN",82.3234
"1999-01-01","Inflation","FIN",82.2700666666667
"1999-04-01","Inflation","FIN",83.1668333333333
"1999-07-01","Inflation","FIN",83.1935
"1999-10-01","Inflation","FIN",83.7001666666667
"2000-01-01","Inflation","FIN",84.7568666666667
"2000-04-01","Inflation","FIN",85.7569333333333
"2000-07-01","Inflation","FIN",86.1869333333333
"2000-10-01","Inflation","FIN",86.7869333333333
"2001-01-01","Inflation","FIN",87.1603
"2001-04-01","Inflation","FIN",88.4237
"2001-07-01","Inflation","FIN",88.3603666666667
"2001-10-01","Inflation","FIN",88.4170333333333
"2002-01-01","Inflation","FIN",88.8803666666667
"2002-04-01","Inflation","FIN",89.6503666666667
"2002-07-01","Inflation","FIN",89.5670333333333
"2002-10-01","Inflation","FIN",89.8203666666667
"2003-01-01","Inflation","FIN",90.3104333333333
"2003-04-01","Inflation","FIN",90.4238
"2003-07-01","Inflation","FIN",90.0504
"2003-10-01","Inflation","FIN",90.2238
"2004-01-01","Inflation","FIN",90.2237666666667
"2004-04-01","Inflation","FIN",90.2804666666667
"2004-07-01","Inflation","FIN",90.4504666666667
"2004-10-01","Inflation","FIN",90.7371333333333
"2005-01-01","Inflation","FIN",90.8838
"2005-04-01","Inflation","FIN",91.2204666666667
"2005-07-01","Inflation","FIN",91.2204666666667
"2005-10-01","Inflation","FIN",91.4338
"2006-01-01","Inflation","FIN",91.6738
"2006-04-01","Inflation","FIN",92.6472333333333
"2006-07-01","Inflation","FIN",92.8305666666667
"2006-10-01","Inflation","FIN",93.3139
"2007-01-01","Inflation","FIN",93.8339
"2007-04-01","Inflation","FIN",94.9273333333333
"2007-07-01","Inflation","FIN",95.1406666666667
"2007-10-01","Inflation","FIN",95.8706666666667
"2008-01-01","Inflation","FIN",97.4207333333333
"2008-04-01","Inflation","FIN",98.7874333333333
"2008-07-01","Inflation","FIN",99.4874666666667
"2008-10-01","Inflation","FIN",99.5174666666667
"2009-01-01","Inflation","FIN",99.0041
"2009-04-01","Inflation","FIN",99.0007666666667
"2009-07-01","Inflation","FIN",98.7274333333333
"2009-10-01","Inflation","FIN",98.4841
"2010-01-01","Inflation","FIN",99.1874666666667
"2010-04-01","Inflation","FIN",99.9508666666667
"2010-07-01","Inflation","FIN",99.8108333333333
"2010-10-01","Inflation","FIN",101.050866666667
"2011-01-01","Inflation","FIN",102.384266666667
"2011-04-01","Inflation","FIN",103.297633333333
"2011-07-01","Inflation","FIN",103.6343
"2011-10-01","Inflation","FIN",104.350966666667
"2012-01-01","Inflation","FIN",105.5344
"2012-04-01","Inflation","FIN",106.3944
"2012-07-01","Inflation","FIN",106.517766666667
"2012-10-01","Inflation","FIN",106.8378
"2013-01-01","Inflation","FIN",107.3078
"2013-04-01","Inflation","FIN",107.9945
"2013-07-01","Inflation","FIN",107.947833333333
"2013-10-01","Inflation","FIN",108.321166666667
"2014-01-01","Inflation","FIN",108.726966666667
"2014-04-01","Inflation","FIN",108.991666666667
"2014-07-01","Inflation","FIN",109.136766666667
"2014-10-01","Inflation","FIN",109.209266666667
"2015-01-01","Inflation","FIN",108.5964
"2015-04-01","Inflation","FIN",108.8575
"2015-07-01","Inflation","FIN",108.770466666667
"2015-10-01","Inflation","FIN",108.937266666667
"2016-01-01","Inflation","FIN",108.560133333333
"2016-04-01","Inflation","FIN",109.194733333333
"2016-07-01","Inflation","FIN",109.2419
"2016-10-01","Inflation","FIN",109.717
"2017-01-01","Inflation","FIN",109.6082
"2017-04-01","Inflation","FIN",110.0361
"2017-07-01","Inflation","FIN",109.985333333333
"2017-10-01","Inflation","FIN",110.377033333333
"2018-01-01","Inflation","FIN",110.413266666667
"2018-04-01","Inflation","FIN",111.1132
"2018-07-01","Inflation","FIN",111.410566666667
"2018-10-01","Inflation","FIN",111.8385
"2019-01-01","Inflation","FIN",111.57555
"1970-01-01","StockPrices","AUT",11.3146922082939
"1970-04-01","StockPrices","AUT",11.3903579469008
"1970-07-01","StockPrices","AUT",12.1175305615872
"1970-10-01","StockPrices","AUT",12.2489686990733
"1971-01-01","StockPrices","AUT",12.0773886439225
"1971-04-01","StockPrices","AUT",12.1608696231367
"1971-07-01","StockPrices","AUT",11.9136238293791
"1971-10-01","StockPrices","AUT",11.6592732714331
"1972-01-01","StockPrices","AUT",11.7143351938935
"1972-04-01","StockPrices","AUT",12.2560734632617
"1972-07-01","StockPrices","AUT",13.8390149244453
"1972-10-01","StockPrices","AUT",14.1690312209981
"1973-01-01","StockPrices","AUT",15.1185829547826
"1973-04-01","StockPrices","AUT",15.9121851146309
"1973-07-01","StockPrices","AUT",15.8372298524429
"1973-10-01","StockPrices","AUT",14.7462933113086
"1974-01-01","StockPrices","AUT",14.9626333808464
"1974-04-01","StockPrices","AUT",14.9303067037891
"1974-07-01","StockPrices","AUT",14.3367036558452
"1974-10-01","StockPrices","AUT",14.0212521258787
"1975-01-01","StockPrices","AUT",14.4272893992478
"1975-04-01","StockPrices","AUT",14.6052637421681
"1975-07-01","StockPrices","AUT",14.4248027317818
"1975-10-01","StockPrices","AUT",14.4684970315407
"1976-01-01","StockPrices","AUT",14.8915857389621
"1976-04-01","StockPrices","AUT",14.8834152601454
"1976-07-01","StockPrices","AUT",14.6471818508799
"1976-10-01","StockPrices","AUT",14.3764903353005
"1977-01-01","StockPrices","AUT",14.2791550659189
"1977-04-01","StockPrices","AUT",14.1860826550504
"1977-07-01","StockPrices","AUT",13.8248053960684
"1977-10-01","StockPrices","AUT",12.9381308253516
"1978-01-01","StockPrices","AUT",12.8983441458963
"1978-04-01","StockPrices","AUT",12.7981669708394
"1978-07-01","StockPrices","AUT",13.0333346654766
"1978-10-01","StockPrices","AUT",12.9217898677182
"1979-01-01","StockPrices","AUT",12.7328031403058
"1979-04-01","StockPrices","AUT",13.0546489580419
"1979-07-01","StockPrices","AUT",12.8724117566085
"1979-10-01","StockPrices","AUT",13.4024271650659
"1980-01-01","StockPrices","AUT",13.8333311130945
"1980-04-01","StockPrices","AUT",13.59034817785
"1980-07-01","StockPrices","AUT",13.4155709788145
"1980-10-01","StockPrices","AUT",13.2603318812972
"1981-01-01","StockPrices","AUT",12.8791612825876
"1981-04-01","StockPrices","AUT",12.4670849596583
"1981-07-01","StockPrices","AUT",11.7942637910134
"1981-10-01","StockPrices","AUT",11.3786350859899
"1982-01-01","StockPrices","AUT",11.3246388781577
"1982-04-01","StockPrices","AUT",10.9352978006314
"1982-07-01","StockPrices","AUT",10.4358328781844
"1982-10-01","StockPrices","AUT",10.3871652434936
"1983-01-01","StockPrices","AUT",10.807767283449
"1983-04-01","StockPrices","AUT",11.9061638269812
"1983-07-01","StockPrices","AUT",11.8283666591179
"1983-10-01","StockPrices","AUT",11.7729494984481
"1984-01-01","StockPrices","AUT",11.8816523905311
"1984-04-01","StockPrices","AUT",11.8383133289817
"1984-07-01","StockPrices","AUT",11.7054542386579
"1984-10-01","StockPrices","AUT",12.3956820795645
"1985-01-01","StockPrices","AUT",14.0514473736795
"1985-04-01","StockPrices","AUT",22.1292090177219
"1985-07-01","StockPrices","AUT",24.8680956123641
"1985-10-01","StockPrices","AUT",26.8272343373253
"1986-01-01","StockPrices","AUT",29.0631036274262
"1986-04-01","StockPrices","AUT",28.9675445490917
"1986-07-01","StockPrices","AUT",28.4954329687701
"1986-10-01","StockPrices","AUT",27.9927709024383
"1987-01-01","StockPrices","AUT",25.4162281695019
"1987-04-01","StockPrices","AUT",23.3682798921852
"1987-07-01","StockPrices","AUT",25.0315051886981
"1987-10-01","StockPrices","AUT",23.5114408905822
"1988-01-01","StockPrices","AUT",21.2166020577173
"1988-04-01","StockPrices","AUT",21.9011460872732
"1988-07-01","StockPrices","AUT",23.6020266339848
"1988-10-01","StockPrices","AUT",25.8130292494261
"1989-01-01","StockPrices","AUT",28.1181699903642
"1989-04-01","StockPrices","AUT",37.3330491427658
"1989-07-01","StockPrices","AUT",44.5227152632537
"1989-10-01","StockPrices","AUT",50.1400970688407
"1990-01-01","StockPrices","AUT",70.3048387884601
"1990-04-01","StockPrices","AUT",70.6469331841333
"1990-07-01","StockPrices","AUT",67.6238560219537
"1990-10-01","StockPrices","AUT",55.1319043876359
"1991-01-01","StockPrices","AUT",54.1784450335478
"1991-04-01","StockPrices","AUT",61.7354274625779
"1991-07-01","StockPrices","AUT",56.3795009791253
"1991-10-01","StockPrices","AUT",47.417551431832
"1992-01-01","StockPrices","AUT",49.466565423777
"1992-04-01","StockPrices","AUT",47.5894867251922
"1992-07-01","StockPrices","AUT",40.1539957637844
"1992-10-01","StockPrices","AUT",37.2822500788185
"1993-01-01","StockPrices","AUT",38.4833104648736
"1993-04-01","StockPrices","AUT",39.1223840036234
"1993-07-01","StockPrices","AUT",44.210460877172
"1993-10-01","StockPrices","AUT",48.5329994094165
"1994-01-01","StockPrices","AUT",52.6015426219244
"1994-04-01","StockPrices","AUT",49.2285558234644
"1994-07-01","StockPrices","AUT",48.4125736564225
"1994-10-01","StockPrices","AUT",45.1926945262232
"1995-01-01","StockPrices","AUT",43.2712110514607
"1995-04-01","StockPrices","AUT",42.0289430331126
"1995-07-01","StockPrices","AUT",43.5585987628829
"1995-10-01","StockPrices","AUT",40.4396072841595
"1996-01-01","StockPrices","AUT",43.6942997588821
"1996-04-01","StockPrices","AUT",45.9827443039774
"1996-07-01","StockPrices","AUT",43.1490091074196
"1996-10-01","StockPrices","AUT",44.6289314878708
"1997-01-01","StockPrices","AUT",47.9713678003206
"1997-04-01","StockPrices","AUT",49.2367263022811
"1997-07-01","StockPrices","AUT",52.9319141566867
"1997-10-01","StockPrices","AUT",50.6413381823349
"1998-01-01","StockPrices","AUT",55.2775520534989
"1998-04-01","StockPrices","AUT",64.3617035448333
"1998-07-01","StockPrices","AUT",57.9919272116909
"1998-10-01","StockPrices","AUT",48.5614184661702
"1999-01-01","StockPrices","AUT",49.505286388604
"1999-04-01","StockPrices","AUT",52.4033197010671
"1999-07-01","StockPrices","AUT",52.2722368017904
"1999-10-01","StockPrices","AUT",50.4800600352574
"2000-01-01","StockPrices","AUT",50.8125629992762
"2000-04-01","StockPrices","AUT",51.047375455704
"2000-07-01","StockPrices","AUT",51.6011918241926
"2000-10-01","StockPrices","AUT",49.4885901927611
"2001-01-01","StockPrices","AUT",50.9486192334848
"2001-04-01","StockPrices","AUT",52.4768540104174
"2001-07-01","StockPrices","AUT",51.6225061167579
"2001-10-01","StockPrices","AUT",48.1138183222988
"2002-01-01","StockPrices","AUT",51.5670889560881
"2002-04-01","StockPrices","AUT",55.2274634659704
"2002-07-01","StockPrices","AUT",50.2747323502116
"2002-10-01","StockPrices","AUT",48.8075985452995
"2003-01-01","StockPrices","AUT",51.6384918361819
"2003-04-01","StockPrices","AUT",55.8072122237468
"2003-07-01","StockPrices","AUT",58.7009826776968
"2003-10-01","StockPrices","AUT",62.9443030892403
"2004-01-01","StockPrices","AUT",74.0451418954623
"2004-04-01","StockPrices","AUT",79.4596826834694
"2004-07-01","StockPrices","AUT",83.073165749708
"2004-10-01","StockPrices","AUT",91.7416885360189
"2005-01-01","StockPrices","AUT",104.947313733065
"2005-04-01","StockPrices","AUT",111.093289994272
"2005-07-01","StockPrices","AUT",127.890728726782
"2005-10-01","StockPrices","AUT",134.266544109484
"2006-01-01","StockPrices","AUT",153.711217978606
"2006-04-01","StockPrices","AUT",153.386530255194
"2006-07-01","StockPrices","AUT",149.787611955542
"2006-10-01","StockPrices","AUT",166.911159364301
"2007-01-01","StockPrices","AUT",183.887282916151
"2007-04-01","StockPrices","AUT",194.35686342423
"2007-07-01","StockPrices","AUT",185.752993992034
"2007-10-01","StockPrices","AUT",179.51287960533
"2008-01-01","StockPrices","AUT",156.542111269488
"2008-04-01","StockPrices","AUT",164.453266193312
"2008-07-01","StockPrices","AUT",138.366703522631
"2008-10-01","StockPrices","AUT",75.5190252263534
"2009-01-01","StockPrices","AUT",65.0817713953313
"2009-04-01","StockPrices","AUT",78.5900595468049
"2009-07-01","StockPrices","AUT",92.4720582945902
"2009-10-01","StockPrices","AUT",101.869529886635
"2010-01-01","StockPrices","AUT",99.5011567444194
"2010-04-01","StockPrices","AUT",99.9491121265004
"2010-07-01","StockPrices","AUT",98.5430792936088
"2010-10-01","StockPrices","AUT",109.46629899512
"2011-01-01","StockPrices","AUT",117.618305424932
"2011-04-01","StockPrices","AUT",114.756506409829
"2011-07-01","StockPrices","AUT",97.1729255198689
"2011-10-01","StockPrices","AUT",81.4387147481583
"2012-01-01","StockPrices","AUT",90.1207365864272
"2012-04-01","StockPrices","AUT",85.4138303115883
"2012-07-01","StockPrices","AUT",86.691977389088
"2012-10-01","StockPrices","AUT",93.7306672705716
"2013-01-01","StockPrices","AUT",100.789250491783
"2013-04-01","StockPrices","AUT",98.5107526165514
"2013-07-01","StockPrices","AUT",98.3391725614007
"2013-10-01","StockPrices","AUT",103.56223995453
"2014-01-01","StockPrices","AUT",104.946603256646
"2014-04-01","StockPrices","AUT",102.994214057664
"2014-07-01","StockPrices","AUT",97.4468141793331
"2014-10-01","StockPrices","AUT",91.1686893042216
"2015-01-01","StockPrices","AUT",97.1988579091567
"2015-04-01","StockPrices","AUT",105.130261410917
"2015-07-01","StockPrices","AUT",98.3658154271074
"2015-10-01","StockPrices","AUT",99.3050652528186
"2016-01-01","StockPrices","AUT",91.8173542746258
"2016-04-01","StockPrices","AUT",94.7722257005964
"2016-07-01","StockPrices","AUT",96.0986851745774
"2016-10-01","StockPrices","AUT",105.141273795409
"2017-01-01","StockPrices","AUT",116.486871727923
"2017-04-01","StockPrices","AUT",127.69499247339
"2017-07-01","StockPrices","AUT",134.644872802519
"2017-10-01","StockPrices","AUT",140.276108898273
"2018-01-01","StockPrices","AUT",145.034524713478
"2018-04-01","StockPrices","AUT",142.267929538501
"2018-07-01","StockPrices","AUT",140.082504074138
"2018-10-01","StockPrices","AUT",130.353239994494
"2019-01-01","StockPrices","AUT",127.735844867474
"1970-01-01","StockPrices","DEU",10.8731450347096
"1970-04-01","StockPrices","DEU",9.80703701978148
"1970-07-01","StockPrices","DEU",9.27109121842523
"1970-10-01","StockPrices","DEU",8.83539427199892
"1971-01-01","StockPrices","DEU",9.6990767144723
"1971-04-01","StockPrices","DEU",9.63481462797875
"1971-07-01","StockPrices","DEU",9.4188940173604
"1971-10-01","StockPrices","DEU",8.5982671728377
"1972-01-01","StockPrices","DEU",9.64830966614239
"1972-04-01","StockPrices","DEU",10.4875725157482
"1972-07-01","StockPrices","DEU",10.6077426174912
"1972-10-01","StockPrices","DEU",10.2118881646909
"1973-01-01","StockPrices","DEU",10.6302343477639
"1973-04-01","StockPrices","DEU",10.1090688263012
"1973-07-01","StockPrices","DEU",8.88873180378857
"1973-10-01","StockPrices","DEU",8.59505406851302
"1974-01-01","StockPrices","DEU",8.3669236614609
"1974-04-01","StockPrices","DEU",8.27888460296473
"1974-07-01","StockPrices","DEU",7.7596469440968
"1974-10-01","StockPrices","DEU",7.65232925965257
"1975-01-01","StockPrices","DEU",8.91122353406132
"1975-04-01","StockPrices","DEU",9.50436259239683
"1975-07-01","StockPrices","DEU",9.46901844482538
"1975-10-01","StockPrices","DEU",9.98247251590888
"1976-01-01","StockPrices","DEU",10.6115983426808
"1976-04-01","StockPrices","DEU",10.2170291316104
"1976-07-01","StockPrices","DEU",9.86294503503087
"1976-10-01","StockPrices","DEU",9.4478119562825
"1977-01-01","StockPrices","DEU",9.612322897706
"1977-04-01","StockPrices","DEU",10.0499477067271
"1977-07-01","StockPrices","DEU",10.1643342206856
"1977-10-01","StockPrices","DEU",10.5119921086158
"1978-01-01","StockPrices","DEU",10.6623653910107
"1978-04-01","StockPrices","DEU",10.5017101747768
"1978-07-01","StockPrices","DEU",11.1334064850085
"1978-10-01","StockPrices","DEU",11.3551106834112
"1979-01-01","StockPrices","DEU",11.1147704799253
"1979-04-01","StockPrices","DEU",10.4419464343378
"1979-07-01","StockPrices","DEU",10.3346287498936
"1979-10-01","StockPrices","DEU",10.041593635483
"1980-01-01","StockPrices","DEU",9.91371208336078
"1980-04-01","StockPrices","DEU",9.82503040399968
"1980-07-01","StockPrices","DEU",10.3442680628676
"1980-10-01","StockPrices","DEU",10.160478495496
"1981-01-01","StockPrices","DEU",9.92206615460494
"1981-04-01","StockPrices","DEU",10.4528709890417
"1981-07-01","StockPrices","DEU",10.639231039873
"1981-10-01","StockPrices","DEU",10.1142097932207
"1982-01-01","StockPrices","DEU",10.260727350426
"1982-04-01","StockPrices","DEU",10.4008186989819
"1982-07-01","StockPrices","DEU",10.1514818033869
"1982-10-01","StockPrices","DEU",10.9521874010966
"1983-01-01","StockPrices","DEU",12.065206739165
"1983-04-01","StockPrices","DEU",14.029698723273
"1983-07-01","StockPrices","DEU",14.3561501226603
"1983-10-01","StockPrices","DEU",15.2950192063311
"1984-01-01","StockPrices","DEU",15.8566698422848
"1984-04-01","StockPrices","DEU",15.5816281120924
"1984-07-01","StockPrices","DEU",15.4190450332637
"1984-10-01","StockPrices","DEU",16.7383456689764
"1985-01-01","StockPrices","DEU",18.0769249306371
"1985-04-01","StockPrices","DEU",19.7670178054176
"1985-07-01","StockPrices","DEU",22.1614231481675
"1985-10-01","StockPrices","DEU",26.5248188210799
"1986-01-01","StockPrices","DEU",30.3156393033347
"1986-04-01","StockPrices","DEU",30.910706224265
"1986-07-01","StockPrices","DEU",29.6530971915862
"1986-10-01","StockPrices","DEU",30.3586949012854
"1987-01-01","StockPrices","DEU",26.9232437573399
"1987-04-01","StockPrices","DEU",26.7760835792697
"1987-07-01","StockPrices","DEU",29.2623837057054
"1987-10-01","StockPrices","DEU",22.2147606799571
"1988-01-01","StockPrices","DEU",19.852486380454
"1988-04-01","StockPrices","DEU",20.9520106803588
"1988-07-01","StockPrices","DEU",22.5881234024847
"1988-10-01","StockPrices","DEU",24.2660064808314
"1989-01-01","StockPrices","DEU",25.4259371420401
"1989-04-01","StockPrices","DEU",26.6244250551449
"1989-07-01","StockPrices","DEU",30.0611614408202
"1989-10-01","StockPrices","DEU",30.532202534818
"1990-01-01","StockPrices","DEU",34.8506147471849
"1990-04-01","StockPrices","DEU",35.6455367571102
"1990-07-01","StockPrices","DEU",33.3970063507007
"1990-10-01","StockPrices","DEU",28.7784901944089
"1991-01-01","StockPrices","DEU",28.7521427389465
"1991-04-01","StockPrices","DEU",31.3682522800992
"1991-07-01","StockPrices","DEU",30.5232058427089
"1991-10-01","StockPrices","DEU",28.9654928661051
"1992-01-01","StockPrices","DEU",30.3754030437737
"1992-04-01","StockPrices","DEU",31.1561873946704
"1992-07-01","StockPrices","DEU",27.5067435027014
"1992-10-01","StockPrices","DEU",25.6033005007623
"1993-01-01","StockPrices","DEU",27.580644902169
"1993-04-01","StockPrices","DEU",28.1827806526136
"1993-07-01","StockPrices","DEU",31.0655778527145
"1993-10-01","StockPrices","DEU",34.4258423554625
"1994-01-01","StockPrices","DEU",35.4051965536243
"1994-04-01","StockPrices","DEU",35.6339695815414
"1994-07-01","StockPrices","DEU",34.7394413375511
"1994-10-01","StockPrices","DEU",33.5255305236878
"1995-01-01","StockPrices","DEU",33.1264629665628
"1995-04-01","StockPrices","DEU",33.0564172922849
"1995-07-01","StockPrices","DEU",35.3030198360995
"1995-10-01","StockPrices","DEU",34.4419078770859
"1996-01-01","StockPrices","DEU",36.8986474437345
"1996-04-01","StockPrices","DEU",37.7559036775586
"1996-07-01","StockPrices","DEU",38.2584331939382
"1996-10-01","StockPrices","DEU",40.6155665265218
"1997-01-01","StockPrices","DEU",45.9036936240764
"1997-04-01","StockPrices","DEU",50.9103527827893
"1997-07-01","StockPrices","DEU",57.694501253914
"1997-10-01","StockPrices","DEU",55.8360417125204
"1998-01-01","StockPrices","DEU",62.6150492167255
"1998-04-01","StockPrices","DEU",73.059566134523
"1998-07-01","StockPrices","DEU",71.1233494684722
"1998-10-01","StockPrices","DEU",62.0778181736394
"1999-01-01","StockPrices","DEU",66.4058696989803
"1999-04-01","StockPrices","DEU",68.2032802582051
"1999-07-01","StockPrices","DEU",69.5155120644035
"1999-10-01","StockPrices","DEU",74.3994306379137
"2000-01-01","StockPrices","DEU",93.6671320312764
"2000-04-01","StockPrices","DEU",91.1435598946744
"2000-07-01","StockPrices","DEU",88.5023881397893
"2000-10-01","StockPrices","DEU",80.4053652416014
"2001-01-01","StockPrices","DEU",74.7586557014126
"2001-04-01","StockPrices","DEU",71.3534077381192
"2001-07-01","StockPrices","DEU",62.1587884026212
"2001-10-01","StockPrices","DEU",58.6744980729407
"2002-01-01","StockPrices","DEU",61.8965990897276
"2002-04-01","StockPrices","DEU",58.9379726275643
"2002-07-01","StockPrices","DEU",45.0817815378239
"2002-10-01","StockPrices","DEU",38.6838482065255
"2003-01-01","StockPrices","DEU",33.7774379027426
"2003-04-01","StockPrices","DEU",36.9159982070878
"2003-07-01","StockPrices","DEU",42.2812398084347
"2003-10-01","StockPrices","DEU",45.7051237768114
"2004-01-01","StockPrices","DEU",49.6231831903234
"2004-04-01","StockPrices","DEU",48.6785305188682
"2004-07-01","StockPrices","DEU",47.0263522751188
"2004-10-01","StockPrices","DEU",49.8654512564041
"2005-01-01","StockPrices","DEU",52.7019797542297
"2005-04-01","StockPrices","DEU",53.0759850976221
"2005-07-01","StockPrices","DEU",58.4662889127016
"2005-10-01","StockPrices","DEU",61.5656493442858
"2006-01-01","StockPrices","DEU",68.9583597745044
"2006-04-01","StockPrices","DEU",69.3934141000657
"2006-07-01","StockPrices","DEU",68.1261657544128
"2006-10-01","StockPrices","DEU",75.1943526478389
"2007-01-01","StockPrices","DEU",80.9515929767966
"2007-04-01","StockPrices","DEU",89.0466880123897
"2007-07-01","StockPrices","DEU",89.0505437375794
"2007-10-01","StockPrices","DEU",90.8723738896716
"2008-01-01","StockPrices","DEU",79.1972380155225
"2008-04-01","StockPrices","DEU",77.846448957428
"2008-07-01","StockPrices","DEU",70.1844803848014
"2008-10-01","StockPrices","DEU",51.0523719939401
"2009-01-01","StockPrices","DEU",45.2719973138448
"2009-04-01","StockPrices","DEU",49.7542778467703
"2009-07-01","StockPrices","DEU",54.922234842582
"2009-10-01","StockPrices","DEU",59.52854120244
"2010-01-01","StockPrices","DEU",60.4648398026511
"2010-04-01","StockPrices","DEU",62.3046633389616
"2010-07-01","StockPrices","DEU",62.1979882753823
"2010-10-01","StockPrices","DEU",68.592708502356
"2011-01-01","StockPrices","DEU",72.5833840736058
"2011-04-01","StockPrices","DEU",72.8519995951489
"2011-07-01","StockPrices","DEU",62.1028803873719
"2011-10-01","StockPrices","DEU",58.3184861137664
"2012-01-01","StockPrices","DEU",66.1591032868451
"2012-04-01","StockPrices","DEU",63.1760572318142
"2012-07-01","StockPrices","DEU",66.5697380195389
"2012-10-01","StockPrices","DEU",70.9042157535292
"2013-01-01","StockPrices","DEU",75.1673625715116
"2013-04-01","StockPrices","DEU",76.4069782199723
"2013-07-01","StockPrices","DEU",78.6850691861689
"2013-10-01","StockPrices","DEU",85.8098067157094
"2014-01-01","StockPrices","DEU",89.283815111551
"2014-04-01","StockPrices","DEU",90.1031567143438
"2014-07-01","StockPrices","DEU",87.6547712189393
"2014-10-01","StockPrices","DEU",86.6599941200191
"2015-01-01","StockPrices","DEU",100.728892716053
"2015-04-01","StockPrices","DEU",105.265796022498
"2015-07-01","StockPrices","DEU",97.1347142184686
"2015-10-01","StockPrices","DEU",96.8705970429801
"2016-01-01","StockPrices","DEU",88.5743616766621
"2016-04-01","StockPrices","DEU",90.1417139662399
"2016-07-01","StockPrices","DEU",92.6562894107327
"2016-10-01","StockPrices","DEU",96.2009861017172
"2017-01-01","StockPrices","DEU",104.443241315381
"2017-04-01","StockPrices","DEU",109.923512051551
"2017-07-01","StockPrices","DEU",108.39343177214
"2017-10-01","StockPrices","DEU",115.36972388188
"2018-01-01","StockPrices","DEU",112.700919429803
"2018-04-01","StockPrices","DEU",111.497290549778
"2018-07-01","StockPrices","DEU",108.972433171446
"2018-10-01","StockPrices","DEU",98.3421988236825
"2019-01-01","StockPrices","DEU",97.9726918263446
"1970-01-01","StockPrices","FIN",1.24742802828216
"1970-04-01","StockPrices","FIN",1.30682936296227
"1970-07-01","StockPrices","FIN",1.34841029723834
"1970-10-01","StockPrices","FIN",1.40187149845043
"1971-01-01","StockPrices","FIN",1.49097350047059
"1971-04-01","StockPrices","FIN",1.49097350047059
"1971-07-01","StockPrices","FIN",1.50879390087462
"1971-10-01","StockPrices","FIN",1.50285376740661
"1972-01-01","StockPrices","FIN",1.72263870572299
"1972-04-01","StockPrices","FIN",1.82956110814717
"1972-07-01","StockPrices","FIN",2.13844804848371
"1972-10-01","StockPrices","FIN",2.28695138518397
"1973-01-01","StockPrices","FIN",2.93442593319709
"1973-04-01","StockPrices","FIN",2.98194700094117
"1973-07-01","StockPrices","FIN",3.08292926989735
"1973-10-01","StockPrices","FIN",3.4036964771699
"1974-01-01","StockPrices","FIN",3.18391153885352
"1974-04-01","StockPrices","FIN",3.08886940336536
"1974-07-01","StockPrices","FIN",3.02946806868525
"1974-10-01","StockPrices","FIN",2.72058112834872
"1975-01-01","StockPrices","FIN",2.72652126181673
"1975-04-01","StockPrices","FIN",2.63147912632856
"1975-07-01","StockPrices","FIN",2.82156339730489
"1975-10-01","StockPrices","FIN",2.67306006060464
"1976-01-01","StockPrices","FIN",2.63741925979657
"1976-04-01","StockPrices","FIN",2.48891592309632
"1976-07-01","StockPrices","FIN",2.39981392107616
"1976-10-01","StockPrices","FIN",2.22160991703585
"1977-01-01","StockPrices","FIN",2.15032831541973
"1977-04-01","StockPrices","FIN",2.05528617993156
"1977-07-01","StockPrices","FIN",1.96618417791141
"1977-10-01","StockPrices","FIN",1.79986044080712
"1978-01-01","StockPrices","FIN",1.9008427097633
"1978-04-01","StockPrices","FIN",1.9602440444434
"1978-07-01","StockPrices","FIN",1.90678284323131
"1978-10-01","StockPrices","FIN",1.94242364403937
"1979-01-01","StockPrices","FIN",2.16220858235575
"1979-04-01","StockPrices","FIN",2.28101125171596
"1979-07-01","StockPrices","FIN",2.52455672390438
"1979-10-01","StockPrices","FIN",2.44139485535223
"1980-01-01","StockPrices","FIN",2.53049685737239
"1980-04-01","StockPrices","FIN",2.61365872592453
"1980-07-01","StockPrices","FIN",2.51861659043637
"1980-10-01","StockPrices","FIN",2.35823298680009
"1981-01-01","StockPrices","FIN",2.44139485535223
"1981-04-01","StockPrices","FIN",2.56613765818045
"1981-07-01","StockPrices","FIN",2.61959885939254
"1981-10-01","StockPrices","FIN",2.69682059447668
"1982-01-01","StockPrices","FIN",3.08886940336536
"1982-04-01","StockPrices","FIN",3.49873861265807
"1982-07-01","StockPrices","FIN",3.60566101508225
"1982-10-01","StockPrices","FIN",3.61160114855026
"1983-01-01","StockPrices","FIN",4.12245262679915
"1983-04-01","StockPrices","FIN",4.86496931030044
"1983-07-01","StockPrices","FIN",5.64312679460978
"1983-10-01","StockPrices","FIN",6.41534414545112
"1984-01-01","StockPrices","FIN",7.2647832313766
"1984-04-01","StockPrices","FIN",7.64495177332926
"1984-07-01","StockPrices","FIN",7.54396950437308
"1984-10-01","StockPrices","FIN",7.11627989467634
"1985-01-01","StockPrices","FIN",6.5757277490874
"1985-04-01","StockPrices","FIN",5.9401334680103
"1985-07-01","StockPrices","FIN",6.04705587043449
"1985-10-01","StockPrices","FIN",6.84303375514787
"1986-01-01","StockPrices","FIN",7.49050830316099
"1986-04-01","StockPrices","FIN",8.82703833346331
"1986-07-01","StockPrices","FIN",10.4546349036981
"1986-10-01","StockPrices","FIN",11.9693689380408
"1987-01-01","StockPrices","FIN",12.8642325740157
"1987-04-01","StockPrices","FIN",14.2778845052262
"1987-07-01","StockPrices","FIN",16.6928732210442
"1987-10-01","StockPrices","FIN",16.5083131078028
"1988-01-01","StockPrices","FIN",16.3355334273215
"1988-04-01","StockPrices","FIN",20.0738574231894
"1988-07-01","StockPrices","FIN",21.899824501003
"1988-10-01","StockPrices","FIN",21.2636811319582
"1989-01-01","StockPrices","FIN",22.3239200803661
"1989-04-01","StockPrices","FIN",23.0935750206918
"1989-07-01","StockPrices","FIN",21.907678122843
"1989-10-01","StockPrices","FIN",18.7269612776193
"1990-01-01","StockPrices","FIN",18.81335111786
"1990-04-01","StockPrices","FIN",16.8146043595651
"1990-07-01","StockPrices","FIN",14.9258083070311
"1990-10-01","StockPrices","FIN",12.09457763369
"1991-01-01","StockPrices","FIN",11.5958726468463
"1991-04-01","StockPrices","FIN",12.7228673808947
"1991-07-01","StockPrices","FIN",11.3209958824442
"1991-10-01","StockPrices","FIN",9.675662106952
"1992-01-01","StockPrices","FIN",10.2646837449564
"1992-04-01","StockPrices","FIN",9.58927226671135
"1992-07-01","StockPrices","FIN",7.6062327520966
"1992-10-01","StockPrices","FIN",9.05129917066735
"1993-01-01","StockPrices","FIN",10.9243879795213
"1993-04-01","StockPrices","FIN",13.44147377926
"1993-07-01","StockPrices","FIN",15.8211211967977
"1993-10-01","StockPrices","FIN",18.0358425556942
"1994-01-01","StockPrices","FIN",21.8919708791629
"1994-04-01","StockPrices","FIN",21.0555601531967
"1994-07-01","StockPrices","FIN",21.8369955262825
"1994-10-01","StockPrices","FIN",22.2139693746053
"1995-01-01","StockPrices","FIN",20.8867072836354
"1995-04-01","StockPrices","FIN",21.3461441612788
"1995-07-01","StockPrices","FIN",25.4967833037497
"1995-10-01","StockPrices","FIN",22.3317737022062
"1996-01-01","StockPrices","FIN",21.0909014514769
"1996-04-01","StockPrices","FIN",23.0935750206918
"1996-07-01","StockPrices","FIN",24.4051298679816
"1996-10-01","StockPrices","FIN",27.4091402218039
"1997-01-01","StockPrices","FIN",33.1069428667663
"1997-04-01","StockPrices","FIN",35.3648591457831
"1997-07-01","StockPrices","FIN",41.0037596269451
"1997-10-01","StockPrices","FIN",41.1686856855863
"1998-01-01","StockPrices","FIN",45.2761299079369
"1998-04-01","StockPrices","FIN",56.7541982271823
"1998-07-01","StockPrices","FIN",56.7895395254626
"1998-10-01","StockPrices","FIN",54.4530870280452
"1999-01-01","StockPrices","FIN",71.7114210215736
"1999-04-01","StockPrices","FIN",82.2392010981719
"1999-07-01","StockPrices","FIN",90.7800148492355
"1999-10-01","StockPrices","FIN",122.418330431911
"2000-01-01","StockPrices","FIN",185.564591474717
"2000-04-01","StockPrices","FIN",191.563698321573
"2000-07-01","StockPrices","FIN",169.914090212394
"2000-10-01","StockPrices","FIN",154.218941109911
"2001-01-01","StockPrices","FIN",117.151338212985
"2001-04-01","StockPrices","FIN",112.425931756149
"2001-07-01","StockPrices","FIN",81.0312747910617
"2001-10-01","StockPrices","FIN",92.9173387648982
"2002-01-01","StockPrices","FIN",98.2056535671199
"2002-04-01","StockPrices","FIN",78.758672239204
"2002-07-01","StockPrices","FIN",64.4402630452831
"2002-10-01","StockPrices","FIN",71.1029224014059
"2003-01-01","StockPrices","FIN",62.729076650662
"2003-04-01","StockPrices","FIN",64.9541647903873
"2003-07-01","StockPrices","FIN",67.0795904689623
"2003-10-01","StockPrices","FIN",72.4901861632338
"2004-01-01","StockPrices","FIN",80.0832640987483
"2004-04-01","StockPrices","FIN",68.7365476047778
"2004-07-01","StockPrices","FIN",65.4211804131064
"2004-10-01","StockPrices","FIN",73.0255282959614
"2005-01-01","StockPrices","FIN",76.5926040676067
"2005-04-01","StockPrices","FIN",80.763701894971
"2005-07-01","StockPrices","FIN",87.7943819705189
"2005-10-01","StockPrices","FIN",91.7361540401534
"2006-01-01","StockPrices","FIN",103.390496901599
"2006-04-01","StockPrices","FIN",106.032651629141
"2006-07-01","StockPrices","FIN",101.886135638136
"2006-10-01","StockPrices","FIN",109.454317592417
"2007-01-01","StockPrices","FIN",118.059177629586
"2007-04-01","StockPrices","FIN",129.768456575803
"2007-07-01","StockPrices","FIN",135.269722334218
"2007-10-01","StockPrices","FIN",140.317088018387
"2008-01-01","StockPrices","FIN",121.872071764826
"2008-04-01","StockPrices","FIN",112.043695981194
"2008-07-01","StockPrices","FIN",96.0913014953394
"2008-10-01","StockPrices","FIN",67.8373864403096
"2009-01-01","StockPrices","FIN",57.9421763348187
"2009-04-01","StockPrices","FIN",65.4918630096669
"2009-07-01","StockPrices","FIN",70.4612422289639
"2009-10-01","StockPrices","FIN",73.3970831452145
"2010-01-01","StockPrices","FIN",79.8758106778431
"2010-04-01","StockPrices","FIN",79.6507258759071
"2010-07-01","StockPrices","FIN",78.7817226193046
"2010-10-01","StockPrices","FIN",86.5763637593442
"2011-01-01","StockPrices","FIN",89.5701644047745
"2011-04-01","StockPrices","FIN",84.3494692865956
"2011-07-01","StockPrices","FIN",67.9272318741598
"2011-10-01","StockPrices","FIN",64.0180916032708
"2012-01-01","StockPrices","FIN",70.2043109904664
"2012-04-01","StockPrices","FIN",62.5670564321015
"2012-07-01","StockPrices","FIN",62.8791593640255
"2012-10-01","StockPrices","FIN",66.2902622059272
"2013-01-01","StockPrices","FIN",72.8033886022153
"2013-04-01","StockPrices","FIN",72.1458441136564
"2013-07-01","StockPrices","FIN",75.8269152063102
"2013-10-01","StockPrices","FIN",84.0216198428824
"2014-01-01","StockPrices","FIN",86.5281425212462
"2014-04-01","StockPrices","FIN",88.5025037837277
"2014-07-01","StockPrices","FIN",89.5976520812147
"2014-10-01","StockPrices","FIN",89.7682327475807
"2015-01-01","StockPrices","FIN",101.266327802518
"2015-04-01","StockPrices","FIN",102.723410262504
"2015-07-01","StockPrices","FIN",96.794082845697
"2015-10-01","StockPrices","FIN",99.2161790892802
"2016-01-01","StockPrices","FIN",94.2978876800529
"2016-04-01","StockPrices","FIN",92.5588994641179
"2016-07-01","StockPrices","FIN",98.4349400567404
"2016-10-01","StockPrices","FIN",100.699649718649
"2017-01-01","StockPrices","FIN",106.036814048716
"2017-04-01","StockPrices","FIN",112.673909865749
"2017-07-01","StockPrices","FIN",112.889727393914
"2017-10-01","StockPrices","FIN",113.259907859345
"2018-01-01","StockPrices","FIN",114.959274553097
"2018-04-01","StockPrices","FIN",117.670462616613
"2018-07-01","StockPrices","FIN",119.156407136861
"2018-10-01","StockPrices","FIN",108.417364632765